District,Year
Adur,2011
Allerdale,2011
Amber Valley,2011
Arun,2011
Ashfield,2011
Ashford,2011
Aylesbury Vale,2011
Babergh,2011
Barking and Dagenham,2011
Barnet,2011
Barnsley,2011
Barrow-in-Furness,2011
Basildon,2011
Basingstoke and Deane,2011
Bassetlaw,2011
Bath and North East Somerset,2011
Bedford,2011
Bexley,2011
Birmingham,2011
Blaby,2011
Blackburn with Darwen,2011
Blackpool,2011
Bolsover,2011
Bolton,2011
Boston,2011
Bournemouth,2011
Bracknell Forest,2011
Bradford,2011
Braintree,2011
Breckland,2011
Brent,2011
Brentwood,2011
Brighton and Hove,2011
"Bristol, City of",2011
Broadland,2011
Bromley,2011
Bromsgrove,2011
Broxbourne,2011
Broxtowe,2011
Burnley,2011
Bury,2011
Calderdale,2011
Cambridge,2011
Camden,2011
Cannock Chase,2011
Canterbury,2011
Carlisle,2011
Castle Point,2011
Central Bedfordshire,2011
Charnwood,2011
Chelmsford,2011
Cheltenham,2011
Cherwell,2011
Cheshire East,2011
Cheshire West and Chester,2011
Chesterfield,2011
Chichester,2011
Chiltern,2011
Chorley,2011
Christchurch,2011
City of London,2011
Colchester,2011
Copeland,2011
Corby,2011
Cornwall,2011
Cotswold,2011
County Durham,2011
Coventry,2011
Craven,2011
Crawley,2011
Croydon,2011
Dacorum,2011
Darlington,2011
Dartford,2011
Daventry,2011
Derby,2011
Derbyshire Dales,2011
Doncaster,2011
Dover,2011
Dudley,2011
Ealing,2011
East Cambridgeshire,2011
East Devon,2011
East Dorset,2011
East Hampshire,2011
East Hertfordshire,2011
East Lindsey,2011
East Northamptonshire,2011
East Riding of Yorkshire,2011
East Staffordshire,2011
Eastbourne,2011
Eastleigh,2011
Eden,2011
Elmbridge,2011
Enfield,2011
Epping Forest,2011
Epsom and Ewell,2011
Erewash,2011
Exeter,2011
Fareham,2011
Fenland,2011
Forest Heath,2011
Forest of Dean,2011
Fylde,2011
Gateshead,2011
Gedling,2011
Gloucester,2011
Gosport,2011
Gravesham,2011
Great Yarmouth,2011
Greenwich,2011
Guildford,2011
Hackney,2011
Halton,2011
Hambleton,2011
Hammersmith and Fulham,2011
Harborough,2011
Haringey,2011
Harlow,2011
Harrogate,2011
Harrow,2011
Hart,2011
Hartlepool,2011
Hastings,2011
Havant,2011
Havering,2011
"Herefordshire, County of",2011
Hertsmere,2011
High Peak,2011
Hillingdon,2011
Hinckley and Bosworth,2011
Horsham,2011
Hounslow,2011
Huntingdonshire,2011
Hyndburn,2011
Ipswich,2011
Isle of Wight,2011
Isles of Scilly,2011
Islington,2011
Kensington and Chelsea,2011
Kettering,2011
King's Lynn and West Norfolk,2011
"Kingston upon Hull, City of",2011
Kingston upon Thames,2011
Kirklees,2011
Knowsley,2011
Lambeth,2011
Lancaster,2011
Leeds,2011
Leicester,2011
Lewes,2011
Lewisham,2011
Lichfield,2011
Lincoln,2011
Liverpool,2011
Luton,2011
Maidstone,2011
Maldon,2011
Malvern Hills,2011
Manchester,2011
Mansfield,2011
Medway,2011
Melton,2011
Mendip,2011
Merton,2011
Mid Devon,2011
Mid Suffolk,2011
Mid Sussex,2011
Middlesbrough,2011
Milton Keynes,2011
Mole Valley,2011
New Forest,2011
Newark and Sherwood,2011
Newcastle upon Tyne,2011
Newcastle-under-Lyme,2011
Newham,2011
North Devon,2011
North Dorset,2011
North East Derbyshire,2011
North East Lincolnshire,2011
North Hertfordshire,2011
North Kesteven,2011
North Lincolnshire,2011
North Norfolk,2011
North Somerset,2011
North Tyneside,2011
North Warwickshire,2011
North West Leicestershire,2011
Northampton,2011
Northumberland,2011
Norwich,2011
Nottingham,2011
Nuneaton and Bedworth,2011
Oadby and Wigston,2011
Oldham,2011
Oxford,2011
Pendle,2011
Peterborough,2011
Plymouth,2011
Poole,2011
Portsmouth,2011
Preston,2011
Purbeck,2011
Reading,2011
Redbridge,2011
Redcar and Cleveland,2011
Redditch,2011
Reigate and Banstead,2011
Ribble Valley,2011
Richmond upon Thames,2011
Richmondshire,2011
Rochdale,2011
Rochford,2011
Rossendale,2011
Rother,2011
Rotherham,2011
Rugby,2011
Runnymede,2011
Rushcliffe,2011
Rushmoor,2011
Rutland,2011
Ryedale,2011
Salford,2011
Sandwell,2011
Scarborough,2011
Sedgemoor,2011
Sefton,2011
Selby,2011
Sevenoaks,2011
Sheffield,2011
Shepway,2011
Shropshire,2011
Slough,2011
Solihull,2011
South Bucks,2011
South Cambridgeshire,2011
South Derbyshire,2011
South Gloucestershire,2011
South Hams,2011
South Holland,2011
South Kesteven,2011
South Lakeland,2011
South Norfolk,2011
South Northamptonshire,2011
South Oxfordshire,2011
South Ribble,2011
South Somerset,2011
South Staffordshire,2011
South Tyneside,2011
Southampton,2011
Southend-on-Sea,2011
Southwark,2011
Spelthorne,2011
St Albans,2011
St Edmundsbury,2011
St. Helens,2011
Stafford,2011
Staffordshire Moorlands,2011
Stevenage,2011
Stockport,2011
Stockton-on-Tees,2011
Stoke-on-Trent,2011
Stratford-on-Avon,2011
Stroud,2011
Suffolk Coastal,2011
Sunderland,2011
Surrey Heath,2011
Sutton,2011
Swale,2011
Swindon,2011
Tameside,2011
Tamworth,2011
Tandridge,2011
Taunton Deane,2011
Teignbridge,2011
Telford and Wrekin,2011
Tendring,2011
Test Valley,2011
Tewkesbury,2011
Thanet,2011
Three Rivers,2011
Thurrock,2011
Tonbridge and Malling,2011
Torbay,2011
Torridge,2011
Tower Hamlets,2011
Trafford,2011
Tunbridge Wells,2011
Uttlesford,2011
Vale of White Horse,2011
Wakefield,2011
Walsall,2011
Waltham Forest,2011
Wandsworth,2011
Warrington,2011
Warwick,2011
Watford,2011
Waveney,2011
Waverley,2011
Wealden,2011
Wellingborough,2011
Welwyn Hatfield,2011
West Berkshire,2011
West Devon,2011
West Dorset,2011
West Lancashire,2011
West Lindsey,2011
West Oxfordshire,2011
West Somerset,2011
Westminster,2011
Weymouth and Portland,2011
Wigan,2011
Wiltshire,2011
Winchester,2011
Windsor and Maidenhead,2011
Wirral,2011
Woking,2011
Wokingham,2011
Wolverhampton,2011
Worcester,2011
Worthing,2011
Wychavon,2011
Wycombe,2011
Wyre,2011
Wyre Forest,2011
York,2011
Adur,2012
Allerdale,2012
Amber Valley,2012
Arun,2012
Ashfield,2012
Ashford,2012
Aylesbury Vale,2012
Babergh,2012
Barking and Dagenham,2012
Barnet,2012
Barnsley,2012
Barrow-in-Furness,2012
Basildon,2012
Basingstoke and Deane,2012
Bassetlaw,2012
Bath and North East Somerset,2012
Bedford,2012
Bexley,2012
Birmingham,2012
Blaby,2012
Blackburn with Darwen,2012
Blackpool,2012
Bolsover,2012
Bolton,2012
Boston,2012
Bournemouth,2012
Bracknell Forest,2012
Bradford,2012
Braintree,2012
Breckland,2012
Brent,2012
Brentwood,2012
Brighton and Hove,2012
"Bristol, City of",2012
Broadland,2012
Bromley,2012
Bromsgrove,2012
Broxbourne,2012
Broxtowe,2012
Burnley,2012
Bury,2012
Calderdale,2012
Cambridge,2012
Camden,2012
Cannock Chase,2012
Canterbury,2012
Carlisle,2012
Castle Point,2012
Central Bedfordshire,2012
Charnwood,2012
Chelmsford,2012
Cheltenham,2012
Cherwell,2012
Cheshire East,2012
Cheshire West and Chester,2012
Chesterfield,2012
Chichester,2012
Chiltern,2012
Chorley,2012
Christchurch,2012
City of London,2012
Colchester,2012
Copeland,2012
Corby,2012
Cornwall,2012
Cotswold,2012
County Durham,2012
Coventry,2012
Craven,2012
Crawley,2012
Croydon,2012
Dacorum,2012
Darlington,2012
Dartford,2012
Daventry,2012
Derby,2012
Derbyshire Dales,2012
Doncaster,2012
Dover,2012
Dudley,2012
Ealing,2012
East Cambridgeshire,2012
East Devon,2012
East Dorset,2012
East Hampshire,2012
East Hertfordshire,2012
East Lindsey,2012
East Northamptonshire,2012
East Riding of Yorkshire,2012
East Staffordshire,2012
Eastbourne,2012
Eastleigh,2012
Eden,2012
Elmbridge,2012
Enfield,2012
Epping Forest,2012
Epsom and Ewell,2012
Erewash,2012
Exeter,2012
Fareham,2012
Fenland,2012
Forest Heath,2012
Forest of Dean,2012
Fylde,2012
Gateshead,2012
Gedling,2012
Gloucester,2012
Gosport,2012
Gravesham,2012
Great Yarmouth,2012
Greenwich,2012
Guildford,2012
Hackney,2012
Halton,2012
Hambleton,2012
Hammersmith and Fulham,2012
Harborough,2012
Haringey,2012
Harlow,2012
Harrogate,2012
Harrow,2012
Hart,2012
Hartlepool,2012
Hastings,2012
Havant,2012
Havering,2012
"Herefordshire, County of",2012
Hertsmere,2012
High Peak,2012
Hillingdon,2012
Hinckley and Bosworth,2012
Horsham,2012
Hounslow,2012
Huntingdonshire,2012
Hyndburn,2012
Ipswich,2012
Isle of Wight,2012
Isles of Scilly,2012
Islington,2012
Kensington and Chelsea,2012
Kettering,2012
King's Lynn and West Norfolk,2012
"Kingston upon Hull, City of",2012
Kingston upon Thames,2012
Kirklees,2012
Knowsley,2012
Lambeth,2012
Lancaster,2012
Leeds,2012
Leicester,2012
Lewes,2012
Lewisham,2012
Lichfield,2012
Lincoln,2012
Liverpool,2012
Luton,2012
Maidstone,2012
Maldon,2012
Malvern Hills,2012
Manchester,2012
Mansfield,2012
Medway,2012
Melton,2012
Mendip,2012
Merton,2012
Mid Devon,2012
Mid Suffolk,2012
Mid Sussex,2012
Middlesbrough,2012
Milton Keynes,2012
Mole Valley,2012
New Forest,2012
Newark and Sherwood,2012
Newcastle upon Tyne,2012
Newcastle-under-Lyme,2012
Newham,2012
North Devon,2012
North Dorset,2012
North East Derbyshire,2012
North East Lincolnshire,2012
North Hertfordshire,2012
North Kesteven,2012
North Lincolnshire,2012
North Norfolk,2012
North Somerset,2012
North Tyneside,2012
North Warwickshire,2012
North West Leicestershire,2012
Northampton,2012
Northumberland,2012
Norwich,2012
Nottingham,2012
Nuneaton and Bedworth,2012
Oadby and Wigston,2012
Oldham,2012
Oxford,2012
Pendle,2012
Peterborough,2012
Plymouth,2012
Poole,2012
Portsmouth,2012
Preston,2012
Purbeck,2012
Reading,2012
Redbridge,2012
Redcar and Cleveland,2012
Redditch,2012
Reigate and Banstead,2012
Ribble Valley,2012
Richmond upon Thames,2012
Richmondshire,2012
Rochdale,2012
Rochford,2012
Rossendale,2012
Rother,2012
Rotherham,2012
Rugby,2012
Runnymede,2012
Rushcliffe,2012
Rushmoor,2012
Rutland,2012
Ryedale,2012
Salford,2012
Sandwell,2012
Scarborough,2012
Sedgemoor,2012
Sefton,2012
Selby,2012
Sevenoaks,2012
Sheffield,2012
Shepway,2012
Shropshire,2012
Slough,2012
Solihull,2012
South Bucks,2012
South Cambridgeshire,2012
South Derbyshire,2012
South Gloucestershire,2012
South Hams,2012
South Holland,2012
South Kesteven,2012
South Lakeland,2012
South Norfolk,2012
South Northamptonshire,2012
South Oxfordshire,2012
South Ribble,2012
South Somerset,2012
South Staffordshire,2012
South Tyneside,2012
Southampton,2012
Southend-on-Sea,2012
Southwark,2012
Spelthorne,2012
St Albans,2012
St Edmundsbury,2012
St. Helens,2012
Stafford,2012
Staffordshire Moorlands,2012
Stevenage,2012
Stockport,2012
Stockton-on-Tees,2012
Stoke-on-Trent,2012
Stratford-on-Avon,2012
Stroud,2012
Suffolk Coastal,2012
Sunderland,2012
Surrey Heath,2012
Sutton,2012
Swale,2012
Swindon,2012
Tameside,2012
Tamworth,2012
Tandridge,2012
Taunton Deane,2012
Teignbridge,2012
Telford and Wrekin,2012
Tendring,2012
Test Valley,2012
Tewkesbury,2012
Thanet,2012
Three Rivers,2012
Thurrock,2012
Tonbridge and Malling,2012
Torbay,2012
Torridge,2012
Tower Hamlets,2012
Trafford,2012
Tunbridge Wells,2012
Uttlesford,2012
Vale of White Horse,2012
Wakefield,2012
Walsall,2012
Waltham Forest,2012
Wandsworth,2012
Warrington,2012
Warwick,2012
Watford,2012
Waveney,2012
Waverley,2012
Wealden,2012
Wellingborough,2012
Welwyn Hatfield,2012
West Berkshire,2012
West Devon,2012
West Dorset,2012
West Lancashire,2012
West Lindsey,2012
West Oxfordshire,2012
West Somerset,2012
Westminster,2012
Weymouth and Portland,2012
Wigan,2012
Wiltshire,2012
Winchester,2012
Windsor and Maidenhead,2012
Wirral,2012
Woking,2012
Wokingham,2012
Wolverhampton,2012
Worcester,2012
Worthing,2012
Wychavon,2012
Wycombe,2012
Wyre,2012
Wyre Forest,2012
York,2012
Adur,2013
Allerdale,2013
Amber Valley,2013
Arun,2013
Ashfield,2013
Ashford,2013
Aylesbury Vale,2013
Babergh,2013
Barking and Dagenham,2013
Barnet,2013
Barnsley,2013
Barrow-in-Furness,2013
Basildon,2013
Basingstoke and Deane,2013
Bassetlaw,2013
Bath and North East Somerset,2013
Bedford,2013
Bexley,2013
Birmingham,2013
Blaby,2013
Blackburn with Darwen,2013
Blackpool,2013
Bolsover,2013
Bolton,2013
Boston,2013
Bournemouth,2013
Bracknell Forest,2013
Bradford,2013
Braintree,2013
Breckland,2013
Brent,2013
Brentwood,2013
Brighton and Hove,2013
"Bristol, City of",2013
Broadland,2013
Bromley,2013
Bromsgrove,2013
Broxbourne,2013
Broxtowe,2013
Burnley,2013
Bury,2013
Calderdale,2013
Cambridge,2013
Camden,2013
Cannock Chase,2013
Canterbury,2013
Carlisle,2013
Castle Point,2013
Central Bedfordshire,2013
Charnwood,2013
Chelmsford,2013
Cheltenham,2013
Cherwell,2013
Cheshire East,2013
Cheshire West and Chester,2013
Chesterfield,2013
Chichester,2013
Chiltern,2013
Chorley,2013
Christchurch,2013
City of London,2013
Colchester,2013
Copeland,2013
Corby,2013
Cornwall,2013
Cotswold,2013
County Durham,2013
Coventry,2013
Craven,2013
Crawley,2013
Croydon,2013
Dacorum,2013
Darlington,2013
Dartford,2013
Daventry,2013
Derby,2013
Derbyshire Dales,2013
Doncaster,2013
Dover,2013
Dudley,2013
Ealing,2013
East Cambridgeshire,2013
East Devon,2013
East Dorset,2013
East Hampshire,2013
East Hertfordshire,2013
East Lindsey,2013
East Northamptonshire,2013
East Riding of Yorkshire,2013
East Staffordshire,2013
Eastbourne,2013
Eastleigh,2013
Eden,2013
Elmbridge,2013
Enfield,2013
Epping Forest,2013
Epsom and Ewell,2013
Erewash,2013
Exeter,2013
Fareham,2013
Fenland,2013
Forest Heath,2013
Forest of Dean,2013
Fylde,2013
Gateshead,2013
Gedling,2013
Gloucester,2013
Gosport,2013
Gravesham,2013
Great Yarmouth,2013
Greenwich,2013
Guildford,2013
Hackney,2013
Halton,2013
Hambleton,2013
Hammersmith and Fulham,2013
Harborough,2013
Haringey,2013
Harlow,2013
Harrogate,2013
Harrow,2013
Hart,2013
Hartlepool,2013
Hastings,2013
Havant,2013
Havering,2013
"Herefordshire, County of",2013
Hertsmere,2013
High Peak,2013
Hillingdon,2013
Hinckley and Bosworth,2013
Horsham,2013
Hounslow,2013
Huntingdonshire,2013
Hyndburn,2013
Ipswich,2013
Isle of Wight,2013
Isles of Scilly,2013
Islington,2013
Kensington and Chelsea,2013
Kettering,2013
King's Lynn and West Norfolk,2013
"Kingston upon Hull, City of",2013
Kingston upon Thames,2013
Kirklees,2013
Knowsley,2013
Lambeth,2013
Lancaster,2013
Leeds,2013
Leicester,2013
Lewes,2013
Lewisham,2013
Lichfield,2013
Lincoln,2013
Liverpool,2013
Luton,2013
Maidstone,2013
Maldon,2013
Malvern Hills,2013
Manchester,2013
Mansfield,2013
Medway,2013
Melton,2013
Mendip,2013
Merton,2013
Mid Devon,2013
Mid Suffolk,2013
Mid Sussex,2013
Middlesbrough,2013
Milton Keynes,2013
Mole Valley,2013
New Forest,2013
Newark and Sherwood,2013
Newcastle upon Tyne,2013
Newcastle-under-Lyme,2013
Newham,2013
North Devon,2013
North Dorset,2013
North East Derbyshire,2013
North East Lincolnshire,2013
North Hertfordshire,2013
North Kesteven,2013
North Lincolnshire,2013
North Norfolk,2013
North Somerset,2013
North Tyneside,2013
North Warwickshire,2013
North West Leicestershire,2013
Northampton,2013
Northumberland,2013
Norwich,2013
Nottingham,2013
Nuneaton and Bedworth,2013
Oadby and Wigston,2013
Oldham,2013
Oxford,2013
Pendle,2013
Peterborough,2013
Plymouth,2013
Poole,2013
Portsmouth,2013
Preston,2013
Purbeck,2013
Reading,2013
Redbridge,2013
Redcar and Cleveland,2013
Redditch,2013
Reigate and Banstead,2013
Ribble Valley,2013
Richmond upon Thames,2013
Richmondshire,2013
Rochdale,2013
Rochford,2013
Rossendale,2013
Rother,2013
Rotherham,2013
Rugby,2013
Runnymede,2013
Rushcliffe,2013
Rushmoor,2013
Rutland,2013
Ryedale,2013
Salford,2013
Sandwell,2013
Scarborough,2013
Sedgemoor,2013
Sefton,2013
Selby,2013
Sevenoaks,2013
Sheffield,2013
Shepway,2013
Shropshire,2013
Slough,2013
Solihull,2013
South Bucks,2013
South Cambridgeshire,2013
South Derbyshire,2013
South Gloucestershire,2013
South Hams,2013
South Holland,2013
South Kesteven,2013
South Lakeland,2013
South Norfolk,2013
South Northamptonshire,2013
South Oxfordshire,2013
South Ribble,2013
South Somerset,2013
South Staffordshire,2013
South Tyneside,2013
Southampton,2013
Southend-on-Sea,2013
Southwark,2013
Spelthorne,2013
St Albans,2013
St Edmundsbury,2013
St. Helens,2013
Stafford,2013
Staffordshire Moorlands,2013
Stevenage,2013
Stockport,2013
Stockton-on-Tees,2013
Stoke-on-Trent,2013
Stratford-on-Avon,2013
Stroud,2013
Suffolk Coastal,2013
Sunderland,2013
Surrey Heath,2013
Sutton,2013
Swale,2013
Swindon,2013
Tameside,2013
Tamworth,2013
Tandridge,2013
Taunton Deane,2013
Teignbridge,2013
Telford and Wrekin,2013
Tendring,2013
Test Valley,2013
Tewkesbury,2013
Thanet,2013
Three Rivers,2013
Thurrock,2013
Tonbridge and Malling,2013
Torbay,2013
Torridge,2013
Tower Hamlets,2013
Trafford,2013
Tunbridge Wells,2013
Uttlesford,2013
Vale of White Horse,2013
Wakefield,2013
Walsall,2013
Waltham Forest,2013
Wandsworth,2013
Warrington,2013
Warwick,2013
Watford,2013
Waveney,2013
Waverley,2013
Wealden,2013
Wellingborough,2013
Welwyn Hatfield,2013
West Berkshire,2013
West Devon,2013
West Dorset,2013
West Lancashire,2013
West Lindsey,2013
West Oxfordshire,2013
West Somerset,2013
Westminster,2013
Weymouth and Portland,2013
Wigan,2013
Wiltshire,2013
Winchester,2013
Windsor and Maidenhead,2013
Wirral,2013
Woking,2013
Wokingham,2013
Wolverhampton,2013
Worcester,2013
Worthing,2013
Wychavon,2013
Wycombe,2013
Wyre,2013
Wyre Forest,2013
York,2013
Adur,2014
Allerdale,2014
Amber Valley,2014
Arun,2014
Ashfield,2014
Ashford,2014
Aylesbury Vale,2014
Babergh,2014
Barking and Dagenham,2014
Barnet,2014
Barnsley,2014
Barrow-in-Furness,2014
Basildon,2014
Basingstoke and Deane,2014
Bassetlaw,2014
Bath and North East Somerset,2014
Bedford,2014
Bexley,2014
Birmingham,2014
Blaby,2014
Blackburn with Darwen,2014
Blackpool,2014
Bolsover,2014
Bolton,2014
Boston,2014
Bournemouth,2014
Bracknell Forest,2014
Bradford,2014
Braintree,2014
Breckland,2014
Brent,2014
Brentwood,2014
Brighton and Hove,2014
"Bristol, City of",2014
Broadland,2014
Bromley,2014
Bromsgrove,2014
Broxbourne,2014
Broxtowe,2014
Burnley,2014
Bury,2014
Calderdale,2014
Cambridge,2014
Camden,2014
Cannock Chase,2014
Canterbury,2014
Carlisle,2014
Castle Point,2014
Central Bedfordshire,2014
Charnwood,2014
Chelmsford,2014
Cheltenham,2014
Cherwell,2014
Cheshire East,2014
Cheshire West and Chester,2014
Chesterfield,2014
Chichester,2014
Chiltern,2014
Chorley,2014
Christchurch,2014
City of London,2014
Colchester,2014
Copeland,2014
Corby,2014
Cornwall,2014
Cotswold,2014
County Durham,2014
Coventry,2014
Craven,2014
Crawley,2014
Croydon,2014
Dacorum,2014
Darlington,2014
Dartford,2014
Daventry,2014
Derby,2014
Derbyshire Dales,2014
Doncaster,2014
Dover,2014
Dudley,2014
Ealing,2014
East Cambridgeshire,2014
East Devon,2014
East Dorset,2014
East Hampshire,2014
East Hertfordshire,2014
East Lindsey,2014
East Northamptonshire,2014
East Riding of Yorkshire,2014
East Staffordshire,2014
Eastbourne,2014
Eastleigh,2014
Eden,2014
Elmbridge,2014
Enfield,2014
Epping Forest,2014
Epsom and Ewell,2014
Erewash,2014
Exeter,2014
Fareham,2014
Fenland,2014
Forest Heath,2014
Forest of Dean,2014
Fylde,2014
Gateshead,2014
Gedling,2014
Gloucester,2014
Gosport,2014
Gravesham,2014
Great Yarmouth,2014
Greenwich,2014
Guildford,2014
Hackney,2014
Halton,2014
Hambleton,2014
Hammersmith and Fulham,2014
Harborough,2014
Haringey,2014
Harlow,2014
Harrogate,2014
Harrow,2014
Hart,2014
Hartlepool,2014
Hastings,2014
Havant,2014
Havering,2014
"Herefordshire, County of",2014
Hertsmere,2014
High Peak,2014
Hillingdon,2014
Hinckley and Bosworth,2014
Horsham,2014
Hounslow,2014
Huntingdonshire,2014
Hyndburn,2014
Ipswich,2014
Isle of Wight,2014
Isles of Scilly,2014
Islington,2014
Kensington and Chelsea,2014
Kettering,2014
King's Lynn and West Norfolk,2014
"Kingston upon Hull, City of",2014
Kingston upon Thames,2014
Kirklees,2014
Knowsley,2014
Lambeth,2014
Lancaster,2014
Leeds,2014
Leicester,2014
Lewes,2014
Lewisham,2014
Lichfield,2014
Lincoln,2014
Liverpool,2014
Luton,2014
Maidstone,2014
Maldon,2014
Malvern Hills,2014
Manchester,2014
Mansfield,2014
Medway,2014
Melton,2014
Mendip,2014
Merton,2014
Mid Devon,2014
Mid Suffolk,2014
Mid Sussex,2014
Middlesbrough,2014
Milton Keynes,2014
Mole Valley,2014
New Forest,2014
Newark and Sherwood,2014
Newcastle upon Tyne,2014
Newcastle-under-Lyme,2014
Newham,2014
North Devon,2014
North Dorset,2014
North East Derbyshire,2014
North East Lincolnshire,2014
North Hertfordshire,2014
North Kesteven,2014
North Lincolnshire,2014
North Norfolk,2014
North Somerset,2014
North Tyneside,2014
North Warwickshire,2014
North West Leicestershire,2014
Northampton,2014
Northumberland,2014
Norwich,2014
Nottingham,2014
Nuneaton and Bedworth,2014
Oadby and Wigston,2014
Oldham,2014
Oxford,2014
Pendle,2014
Peterborough,2014
Plymouth,2014
Poole,2014
Portsmouth,2014
Preston,2014
Purbeck,2014
Reading,2014
Redbridge,2014
Redcar and Cleveland,2014
Redditch,2014
Reigate and Banstead,2014
Ribble Valley,2014
Richmond upon Thames,2014
Richmondshire,2014
Rochdale,2014
Rochford,2014
Rossendale,2014
Rother,2014
Rotherham,2014
Rugby,2014
Runnymede,2014
Rushcliffe,2014
Rushmoor,2014
Rutland,2014
Ryedale,2014
Salford,2014
Sandwell,2014
Scarborough,2014
Sedgemoor,2014
Sefton,2014
Selby,2014
Sevenoaks,2014
Sheffield,2014
Shepway,2014
Shropshire,2014
Slough,2014
Solihull,2014
South Bucks,2014
South Cambridgeshire,2014
South Derbyshire,2014
South Gloucestershire,2014
South Hams,2014
South Holland,2014
South Kesteven,2014
South Lakeland,2014
South Norfolk,2014
South Northamptonshire,2014
South Oxfordshire,2014
South Ribble,2014
South Somerset,2014
South Staffordshire,2014
South Tyneside,2014
Southampton,2014
Southend-on-Sea,2014
Southwark,2014
Spelthorne,2014
St Albans,2014
St Edmundsbury,2014
St. Helens,2014
Stafford,2014
Staffordshire Moorlands,2014
Stevenage,2014
Stockport,2014
Stockton-on-Tees,2014
Stoke-on-Trent,2014
Stratford-on-Avon,2014
Stroud,2014
Suffolk Coastal,2014
Sunderland,2014
Surrey Heath,2014
Sutton,2014
Swale,2014
Swindon,2014
Tameside,2014
Tamworth,2014
Tandridge,2014
Taunton Deane,2014
Teignbridge,2014
Telford and Wrekin,2014
Tendring,2014
Test Valley,2014
Tewkesbury,2014
Thanet,2014
Three Rivers,2014
Thurrock,2014
Tonbridge and Malling,2014
Torbay,2014
Torridge,2014
Tower Hamlets,2014
Trafford,2014
Tunbridge Wells,2014
Uttlesford,2014
Vale of White Horse,2014
Wakefield,2014
Walsall,2014
Waltham Forest,2014
Wandsworth,2014
Warrington,2014
Warwick,2014
Watford,2014
Waveney,2014
Waverley,2014
Wealden,2014
Wellingborough,2014
Welwyn Hatfield,2014
West Berkshire,2014
West Devon,2014
West Dorset,2014
West Lancashire,2014
West Lindsey,2014
West Oxfordshire,2014
West Somerset,2014
Westminster,2014
Weymouth and Portland,2014
Wigan,2014
Wiltshire,2014
Winchester,2014
Windsor and Maidenhead,2014
Wirral,2014
Woking,2014
Wokingham,2014
Wolverhampton,2014
Worcester,2014
Worthing,2014
Wychavon,2014
Wycombe,2014
Wyre,2014
Wyre Forest,2014
York,2014
Adur,2015
Allerdale,2015
Amber Valley,2015
Arun,2015
Ashfield,2015
Ashford,2015
Aylesbury Vale,2015
Babergh,2015
Barking and Dagenham,2015
Barnet,2015
Barnsley,2015
Barrow-in-Furness,2015
Basildon,2015
Basingstoke and Deane,2015
Bassetlaw,2015
Bath and North East Somerset,2015
Bedford,2015
Bexley,2015
Birmingham,2015
Blaby,2015
Blackburn with Darwen,2015
Blackpool,2015
Bolsover,2015
Bolton,2015
Boston,2015
Bournemouth,2015
Bracknell Forest,2015
Bradford,2015
Braintree,2015
Breckland,2015
Brent,2015
Brentwood,2015
Brighton and Hove,2015
"Bristol, City of",2015
Broadland,2015
Bromley,2015
Bromsgrove,2015
Broxbourne,2015
Broxtowe,2015
Burnley,2015
Bury,2015
Calderdale,2015
Cambridge,2015
Camden,2015
Cannock Chase,2015
Canterbury,2015
Carlisle,2015
Castle Point,2015
Central Bedfordshire,2015
Charnwood,2015
Chelmsford,2015
Cheltenham,2015
Cherwell,2015
Cheshire East,2015
Cheshire West and Chester,2015
Chesterfield,2015
Chichester,2015
Chiltern,2015
Chorley,2015
Christchurch,2015
City of London,2015
Colchester,2015
Copeland,2015
Corby,2015
Cornwall,2015
Cotswold,2015
County Durham,2015
Coventry,2015
Craven,2015
Crawley,2015
Croydon,2015
Dacorum,2015
Darlington,2015
Dartford,2015
Daventry,2015
Derby,2015
Derbyshire Dales,2015
Doncaster,2015
Dover,2015
Dudley,2015
Ealing,2015
East Cambridgeshire,2015
East Devon,2015
East Dorset,2015
East Hampshire,2015
East Hertfordshire,2015
East Lindsey,2015
East Northamptonshire,2015
East Riding of Yorkshire,2015
East Staffordshire,2015
Eastbourne,2015
Eastleigh,2015
Eden,2015
Elmbridge,2015
Enfield,2015
Epping Forest,2015
Epsom and Ewell,2015
Erewash,2015
Exeter,2015
Fareham,2015
Fenland,2015
Forest Heath,2015
Forest of Dean,2015
Fylde,2015
Gateshead,2015
Gedling,2015
Gloucester,2015
Gosport,2015
Gravesham,2015
Great Yarmouth,2015
Greenwich,2015
Guildford,2015
Hackney,2015
Halton,2015
Hambleton,2015
Hammersmith and Fulham,2015
Harborough,2015
Haringey,2015
Harlow,2015
Harrogate,2015
Harrow,2015
Hart,2015
Hartlepool,2015
Hastings,2015
Havant,2015
Havering,2015
"Herefordshire, County of",2015
Hertsmere,2015
High Peak,2015
Hillingdon,2015
Hinckley and Bosworth,2015
Horsham,2015
Hounslow,2015
Huntingdonshire,2015
Hyndburn,2015
Ipswich,2015
Isle of Wight,2015
Isles of Scilly,2015
Islington,2015
Kensington and Chelsea,2015
Kettering,2015
King's Lynn and West Norfolk,2015
"Kingston upon Hull, City of",2015
Kingston upon Thames,2015
Kirklees,2015
Knowsley,2015
Lambeth,2015
Lancaster,2015
Leeds,2015
Leicester,2015
Lewes,2015
Lewisham,2015
Lichfield,2015
Lincoln,2015
Liverpool,2015
Luton,2015
Maidstone,2015
Maldon,2015
Malvern Hills,2015
Manchester,2015
Mansfield,2015
Medway,2015
Melton,2015
Mendip,2015
Merton,2015
Mid Devon,2015
Mid Suffolk,2015
Mid Sussex,2015
Middlesbrough,2015
Milton Keynes,2015
Mole Valley,2015
New Forest,2015
Newark and Sherwood,2015
Newcastle upon Tyne,2015
Newcastle-under-Lyme,2015
Newham,2015
North Devon,2015
North Dorset,2015
North East Derbyshire,2015
North East Lincolnshire,2015
North Hertfordshire,2015
North Kesteven,2015
North Lincolnshire,2015
North Norfolk,2015
North Somerset,2015
North Tyneside,2015
North Warwickshire,2015
North West Leicestershire,2015
Northampton,2015
Northumberland,2015
Norwich,2015
Nottingham,2015
Nuneaton and Bedworth,2015
Oadby and Wigston,2015
Oldham,2015
Oxford,2015
Pendle,2015
Peterborough,2015
Plymouth,2015
Poole,2015
Portsmouth,2015
Preston,2015
Purbeck,2015
Reading,2015
Redbridge,2015
Redcar and Cleveland,2015
Redditch,2015
Reigate and Banstead,2015
Ribble Valley,2015
Richmond upon Thames,2015
Richmondshire,2015
Rochdale,2015
Rochford,2015
Rossendale,2015
Rother,2015
Rotherham,2015
Rugby,2015
Runnymede,2015
Rushcliffe,2015
Rushmoor,2015
Rutland,2015
Ryedale,2015
Salford,2015
Sandwell,2015
Scarborough,2015
Sedgemoor,2015
Sefton,2015
Selby,2015
Sevenoaks,2015
Sheffield,2015
Shepway,2015
Shropshire,2015
Slough,2015
Solihull,2015
South Bucks,2015
South Cambridgeshire,2015
South Derbyshire,2015
South Gloucestershire,2015
South Hams,2015
South Holland,2015
South Kesteven,2015
South Lakeland,2015
South Norfolk,2015
South Northamptonshire,2015
South Oxfordshire,2015
South Ribble,2015
South Somerset,2015
South Staffordshire,2015
South Tyneside,2015
Southampton,2015
Southend-on-Sea,2015
Southwark,2015
Spelthorne,2015
St Albans,2015
St Edmundsbury,2015
St. Helens,2015
Stafford,2015
Staffordshire Moorlands,2015
Stevenage,2015
Stockport,2015
Stockton-on-Tees,2015
Stoke-on-Trent,2015
Stratford-on-Avon,2015
Stroud,2015
Suffolk Coastal,2015
Sunderland,2015
Surrey Heath,2015
Sutton,2015
Swale,2015
Swindon,2015
Tameside,2015
Tamworth,2015
Tandridge,2015
Taunton Deane,2015
Teignbridge,2015
Telford and Wrekin,2015
Tendring,2015
Test Valley,2015
Tewkesbury,2015
Thanet,2015
Three Rivers,2015
Thurrock,2015
Tonbridge and Malling,2015
Torbay,2015
Torridge,2015
Tower Hamlets,2015
Trafford,2015
Tunbridge Wells,2015
Uttlesford,2015
Vale of White Horse,2015
Wakefield,2015
Walsall,2015
Waltham Forest,2015
Wandsworth,2015
Warrington,2015
Warwick,2015
Watford,2015
Waveney,2015
Waverley,2015
Wealden,2015
Wellingborough,2015
Welwyn Hatfield,2015
West Berkshire,2015
West Devon,2015
West Dorset,2015
West Lancashire,2015
West Lindsey,2015
West Oxfordshire,2015
West Somerset,2015
Westminster,2015
Weymouth and Portland,2015
Wigan,2015
Wiltshire,2015
Winchester,2015
Windsor and Maidenhead,2015
Wirral,2015
Woking,2015
Wokingham,2015
Wolverhampton,2015
Worcester,2015
Worthing,2015
Wychavon,2015
Wycombe,2015
Wyre,2015
Wyre Forest,2015
York,2015
